<odoo>
    <data>
        <!-- Usuario 1 -->
        <record id="user_1" model="res.users">
            <field name="name">user1</field>
            <field name="login">user1</field>
            <field name="password">user1</field>
            <field name="groups_id" eval="[(6,0,[ref('base.group_user'), ref('group_workshop_user')])]"/>
            <field name="image_1920" type="base64" file="base/static/img/user_demo-image.jpg"/>
        </record>

        <record id="employee_1" model="hr.employee">
            <field name="name">Empleado 1</field>
            <field name="user_id" ref="user_1"/>
            <field name="work_location">Building 1, Second Floor</field>
            <field name="work_phone">+3281813700</field>
            <field name="work_email">user1@odoo.com</field>
            <field name="image_1920" type="base64" file="hr/static/img/employee_qdp-image.png"/>
        </record>

        <!-- Usuario 2 -->
        <record id="user_2" model="res.users">
            <field name="name">user2</field>
            <field name="login">user2</field>
            <field name="password">user2</field>
            <field name="groups_id" eval="[(6,0,[ref('base.group_user'), ref('group_workshop_user')])]"/>
            <field name="image_1920" type="base64" file="base/static/img/user_demo-image.jpg"/>
        </record>

        <record id="employee_2" model="hr.employee">
            <field name="name">Empleado 2</field>
            <field name="user_id" ref="user_2"/>
            <field name="work_location">Building 1, Second Floor</field>
            <field name="work_phone">+3281813700</field>
            <field name="work_email">user2@odoo.com</field>
        </record>

        <!-- Usuario 3 -->
        <record id="user_3" model="res.users">
            <field name="name">user3</field>
            <field name="login">user3</field>
            <field name="password">user3</field>
            <field name="groups_id" eval="[(6,0,[ref('base.group_user'), ref('group_workshop_user')])]"/>
        </record>

        <record id="employee_3" model="hr.employee">
            <field name="name">Empleado 3</field>
            <field name="user_id" ref="user_3"/>
            <field name="work_location">Building 1, Second Floor</field>
            <field name="work_phone">+3281813700</field>
            <field name="work_email">user3@odoo.com</field>
            <!--<field name="image_1920" type="base64" file="hr/static/img/employee_qdp-image.png"/>-->
        </record>

        <!-- Room 1 -->
        <record id="room_1" model="workshop.room">
            <field name="name">Room 1</field>
            <field name="adress">Prueba, 101, 07350</field>
        </record>

        <!-- Room 2 -->
        <record id="room_2" model="workshop.room">
            <field name="name">Room 2</field>
            <field name="adress">Prueba2, 101, 07350</field>
        </record>

         <!-- Room 3 -->
        <record id="room_3" model="workshop.room">
            <field name="name">Room 3</field>
            <field name="adress">Prueba3, 101, 07350</field>
        </record>

        <!-- Activity 1 -->
        <record id="Activity_1" model="workshop.activity">
            <field name="name">Activity 1</field>
            <field name="description">Activity 1 de prueba</field>
            <field name="no_hours">4</field>
            <field name="active">1</field>
        </record>

        <!-- Activity 2 -->
        <record id="Activity_2" model="workshop.activity">
            <field name="name">Activity 2</field>
            <field name="description">Activity 2 de prueba</field>
            <field name="no_hours">6</field>
            <field name="active">1</field>
        </record>

        <!-- Activity 3 -->
        <record id="Activity_3" model="workshop.activity">
            <field name="name">Activity 3</field>
            <field name="description">Activity 3 de prueba</field>
            <field name="no_hours">2</field>
            <field name="active">1</field>
        </record>

        <!-- Participante 1 -->
        <record id="participante_1" model="res.partner">
            <field name="name">Parcitipante 1</field>
            <field name="phone">(870)-931-0505</field>
            <field name="email">participante_1@example.com</field>
        </record>

        <!-- Participante 2 -->
        <record id="participante_2" model="res.partner">
            <field name="name">Parcitipante 2</field>
            <field name="phone">(870)-931-0505</field>
            <field name="email">participante_2@example.com</field>
        </record>

        <!-- Participante 3 -->
        <record id="participante_3" model="res.partner">
            <field name="name">Parcitipante 3</field>
            <field name="phone">(870)-931-0505</field>
            <field name="email">participante_3@example.com</field>
        </record>


        <!-- Workshop 1 -->
        <record id="Workshop_1" model="workshop.workshop">
            <field name="name">Workshop_1</field>
            <field name="date" eval="datetime.now()"/>
            <field name="hours_per_session">2</field>
            <field name="id_activity" ref="Activity_1"/>
            <field name="no_hours" ref="Activity_1"/>
            <field name="id_trainer" ref="employee_1"/>
            <field name="id_room" ref="room_1"/>
            <field name="participants" eval="[(6,0,[ref('participante_1'), ref('participante_2')])]"/>
        </record>

        <!-- Workshop 2 -->
        <record id="Workshop_2" model="workshop.workshop">
            <field name="name">Workshop_2</field>
            <field name="date" eval="datetime.now()"/>
            <field name="hours_per_session">2</field>
            <field name="id_activity" ref="Activity_2"/>
            <field name="no_hours" ref="Activity_2"/>
            <field name="id_trainer" ref="employee_2"/>
            <field name="id_room" ref="room_2"/>
            <field name="participants" eval="[(6,0,[ref('participante_2'), ref('participante_3')])]"/>
        </record>

        <!-- Workshop 3 -->
        <record id="Workshop_3" model="workshop.workshop">
            <field name="name">Workshop_3</field>
            <field name="date" eval="datetime.now()"/>
            <field name="hours_per_session">2</field>
            <field name="id_activity" ref="Activity_3"/>
            <field name="no_hours" ref="Activity_3"/>
            <field name="id_trainer" ref="employee_3"/>
            <field name="id_room" ref="room_3"/>
            <field name="participants" eval="[(6,0,[ref('participante_3')])]"/>
        </record>

    </data>
</odoo>