id,name,model_id:id,group_id:id,perm_read,perm_write,perm_create,perm_unlink
access_workshop_workshop_manager,workshop.workshop_manager,model_workshop_workshop,group_workshop_manager,1,1,1,1
access_workshop_activity_manager,workshop.activity_manager,model_workshop_activity,group_workshop_manager,1,1,1,1
access_workshop_room_manager,workshop.room_manager,model_workshop_room,group_workshop_manager,1,1,1,1
access_res_partner_manager,res.partner_manager,base.model_res_partner,group_workshop_manager,1,1,1,1
access_workshop_workshop_user,workshop.workshop_user,model_workshop_workshop,group_workshop_user,1,0,1,0
access_workshop_activity_user,workshop.activity_user,model_workshop_activity,group_workshop_user,1,0,0,0
access_workshop_room_user,workshop.room_user,model_workshop_room,group_workshop_user,1,0,0,0
access_res_partner_user,res.partner_user,base.model_res_partner,group_workshop_user,1,1,0,1
