<?xml version="1.0" encoding="utf-8"?>
<odoo>
    <data noupdate="0">
        <record id="workshop.module_category_workshop" model="ir.module.category">
            <field name="name">Workshop</field>
            <field name="description">Helps you manage your workshops.</field>
            <field name="sequence">107</field>
        </record>

        <record id="group_workshop_user" model="res.groups">
            <field name="name">User</field>
            <field name="category_id" ref="workshop.module_category_workshop"/>
            <field name="comment">The user will be able to make workshop.</field>
        </record>

        <record id="group_workshop_manager" model="res.groups">
            <field name="name">manager</field>
            <field name="category_id" ref="workshop.module_category_workshop"/>
            <field name="comment">The user will be able to make workshop.</field>
            <field name="implied_ids" eval="[(6, 0, [ref('group_workshop_user'), ref('base.group_user')])]"/>
            <field name="users" eval="[(4, ref('base.user_admin'))]"/>
        </record>

    </data>
</odoo>